{"costs": [0.6931471805599454, 0.6838032783237651, 0.6751488156721739, 0.6667787531159709, 0.6586802997252429, 0.6508432776329579, 0.6432576190203011, 0.6359134051483257, 0.6288009140107651, 0.6219106599703689, 0.6152334256053502, 0.6087602862996856, 0.6024826282385453, 0.5963921605405041, 0.590480922282999, 0.5847412851670193, 0.579165952530869, 0.5737479553694514, 0.5684806459520078, 0.5633576895631093, 0.5583730548231961, 0.5535210029789793, 0.5487960764925561, 0.5441930872022314, 0.5397071042783425, 0.5353334421538943, 0.5310676485723596, 0.5269054928631215, 0.5228429545282792, 0.5188762122022746, 0.51500163302753, 0.5112157624744208, 0.50751531462196, 0.5038971629060904, 0.5003583313350594, 0.4968959861656193, 0.49350742802949454, 0.49019008449636436, 0.48694150305737505, 0.483759344511673], "Y_prediction_test": [[0.0, 1.0, 1.0, 0.0, 1.0, 1.0, 0.0, 1.0, 0.0, 1.0, 0.0, 1.0, 1.0, 1.0, 0.0, 0.0, 0.0, 1.0, 0.0, 0.0, 1.0, 1.0, 0.0, 1.0, 0.0, 1.0, 1.0, 1.0, 1.0, 0.0, 0.0, 0.0, 1.0, 1.0, 0.0, 1.0, 1.0, 0.0, 0.0, 1.0, 1.0, 0.0, 0.0, 0.0, 1.0, 0.0, 0.0, 0.0, 1.0, 1.0]], "Y_prediction_train": [[0.0, 1.0, 1.0, 0.0, 1.0, 0.0, 0.0, 1.0, 0.0, 0.0, 1.0, 0.0, 1.0, 0.0, 1.0, 0.0, 0.0, 1.0, 0.0, 0.0, 1.0, 0.0, 1.0, 1.0, 1.0, 0.0, 0.0, 0.0, 0.0, 0.0, 1.0, 0.0, 1.0, 1.0, 1.0, 0.0, 0.0, 0.0, 1.0, 1.0, 0.0, 0.0, 1.0, 0.0, 1.0, 1.0, 1.0, 0.0, 0.0, 1.0, 1.0, 1.0, 0.0, 0.0, 0.0, 1.0, 0.0, 0.0, 1.0, 0.0, 0.0, 0.0, 0.0, 0.0, 0.0, 1.0, 0.0, 1.0, 1.0, 0.0, 0.0, 0.0, 1.0, 0.0, 0.0, 0.0, 0.0, 1.0, 1.0, 1.0, 0.0, 0.0, 0.0, 1.0, 1.0, 1.0, 0.0, 0.0, 1.0, 0.0, 1.0, 1.0, 0.0, 0.0, 0.0, 0.0, 0.0, 1.0, 0.0, 1.0, 1.0, 1.0, 0.0, 0.0, 1.0, 0.0, 1.0, 1.0, 0.0, 0.0, 1.0, 1.0, 0.0, 1.0, 1.0, 1.0, 0.0, 0.0, 0.0, 0.0, 0.0, 0.0, 0.0, 0.0, 1.0, 1.0, 1.0, 0.0, 0.0, 0.0, 1.0, 0.0, 1.0, 1.0, 1.0, 0.0, 0.0, 1.0, 0.0, 0.0, 0.0, 0.0, 0.0, 0.0, 0.0, 0.0, 1.0, 1.0, 0.0, 0.0]], "w": [[1.0735389930223018], [0.4752811597096033], [0.0013093095966277815], [-0.00045002438371180234], [1.4207546412385497], [3.4838504257325718], [-3.099892450896798], [0.0003244269347455994], [-3.7106320620272193], [1.4954595123863288], [-0.334496493986339], [0.2028949390978964], [-0.08734841530224055], [-0.0021781337796228546], [-0.14556150458636358], [-0.021177064897681782], [-0.10685172457545179], [-0.014425417900783085], [-0.06423718668425508], [-0.016078787207239723], [-0.028702604213509557], [-0.0077365290512738955], [-0.008420417596441302], [0.015344105517630312], [0.0027598983080945848], [0.005016550778398079], [-0.017573231079195648], [-0.013136933853949694]], "b": 0.061172099090340326, "learning_rate": 0.05, "num_iterations": 4000}